nom,codi_centre,adreca,cp,CUSEC,zona,ist_entorn,tipus,naturalesa,lat,lon,cmc_actual,cmc_2019-2020,cmc_2020-2021,cmc_2021-2022,cmc_2022-2023,cmc_2023-2024,cmc_2024-2025
Escola Abat Marcet,8051306,"av. Abat Marcet, 324",8225,0827905022,08279Z02,104.2,CEIP,Públic,41.574490,2.004905,,,,,,,
Escola Agustí Bartra,8039653,"av. Barcelona, 69",8222,0827901013,08279Z04,87.3,CEIP,Públic,41.561880,2.027516,CMC,CMC,CMC,CMC,CMC,CMC,CMC
Airina,8029601,"c. Nord, 67",8221,0827901005,08279Z02,121.3,CEIP,Concertat,41.567120,2.013410,,,,,,,
Andersen,8029908,"c. Pérez Galdós, 15",8223,0827903001,08279Z04,101.9,CEIP,Concertat,41.558050,2.025081,,,,,,,
Institut Escola Antoni Ubach i Soler,8077125,"c. Dr. Aymerich i Gilabertó, 35",8224,0827902001,08279Z03,65.3,IE,Públic,41.566020,2.028619,CMC,,CMC,CMC,CMC,CMC,CMC
Escola Auró,8030285,"c. Germà Joaquim, 128",8223,0827903003,08279Z04,89.3,CEIP,Públic,41.554570,2.020981,CMC,CMC,CMC,CMC,CMC,CMC,CMC
Escola Bisbat d'Egara,8029374,"c. Sant Marian, 31-51",8221,0827901009,08279Z01,120.1,CEIP,Públic,41.559300,2.016298,,,,,,,
Creixen Terrassa,8030017,"c. Sant Pere, 36",8221,0827901001,08279Z02,124.5,CEIP,Concertat,41.564030,2.011809,,,,,,,
Delta,8029556,"ctra. de Matadepera, 91-97",8225,0827905003,08279Z02,101.1,CEIP,Concertat,41.572550,2.017844,,,,,,,
Egara,8030078,"ctra. de Castellar, 126",8222,0827901014,08279Z03,90.7,CEIP,Concertat,41.567450,2.025237,,,,,,,
El Cim,8029660,"c. Frederic Soler, 22",8224,0827904016,08279Z01,109.9,CEIP,Concertat,41.564000,2.002845,,,,,,,
Escola El Vallès,8038326,"ctra. de Martorell, 91",8224,0827904025,08279Z01,97.5,CEIP,Públic,41.556120,2.004463,CMC,CMC,CMC,CMC,CMC,CMC,CMC
Escola El Vapor,8067247,"c. Giralt i Serrà, 30",8221,0827901022,08279Z02,114.5,CEIP,Públic,41.569540,2.005910,,,,,,,
Escola Enxaneta,8058465,"c. Sometent Castella, 169",8225,0827905024,08279Z02,112.6,CEIP,Públic,41.579460,2.011761,,,,,,,
Escola Pia de Terrassa,8029647,"c. Col·legi, 14-16",8221,0827901007,08279Z01,119.2,CEIP,Concertat,41.559650,2.010787,,,,,,,
Institut Escola Feixes,8078312,"av. Vallès, 483",8226,0827906013,08279Z03,85.4,IE,Públic,41.578670,2.027241,CMC,,,,,CMC,CMC
Escola Font de l'Alba,8043437,"c. Consell de Cent, 146",8226,0827906031,08279Z02,83.6,CEIP,Públic,41.578760,2.019314,CMC,CMC,CMC,CMC,CMC,CMC,CMC
Escola Francesc Aldea i Pérez,8041246,"c. Alemanya, 146",8228,0827907004,08279Z04,101.4,CEIP,Públic,41.540210,2.047193,,,,,,,
Escola França,8029350,"c. Frederic Soler, 142",8224,0827904013,08279Z01,112,CEIP,Públic,41.568250,2.003019,,,,,,,
Goya,8029738,"c. Cavall Bernat, 16",8227,0827906016,08279Z03,79.4,CEIP,Concertat,41.579540,2.030401,,,,,,,
Escola Isaac Peral,8029507,"c. Alexandre Bell, 65",8224,0827904018,08279Z01,103.7,CEIP,Públic,41.563300,1.999770,,,,,,,
Escola Joan XXIII,8030315,"c. Joan XXIII, 25-33",8227,0827906026,08279Z03,91.3,CEIP,Públic,41.570860,2.035848,,,,,,,
Joaquima de Vedruna Terrassa,8029611,"ctra. de Castellar, 398",8227,0827906023,08279Z03,87.9,CEIP,Concertat,41.575180,2.032184,,,,,,,
Escola Josep Ventalló i Vintró,8030212,"c. Amèrica, s/n(Can Parellada)",8228,0827907003,08279Z04,77,CEIP,Públic,41.539200,2.042022,,CMC,CMC,,,,
L'Avet,8030005,"c. Cardaire, 23",8221,0827901001,08279Z02,124.5,CEIP,Concertat,41.563860,2.012540,,,,,,,
Escola La Nova Electra,8064143,"pl. de l'Electra, 15",8226,0827906004,08279Z03,71.4,CEIP,Públic,41.570860,2.025021,CMC,,,,CMC,CMC,CMC
Escola La Roda,8044648,"c. Salmerón, 225-249",8226,0827905027,08279Z02,112.6,CEIP,Públic,41.570480,2.021235,,,,,,,
Escola Lanaspa-Giralt,8039665,"c.  Pantà, 10",8221,0827901024,08279Z02,122.4,CEIP,Públic,41.564640,2.010770,,,,,,,
Escola Les Arenes,8061774,"c. Montperdut, s/n",8227,0827902012,08279Z03,51.4,CEIP,Públic,41.566770,2.038276,,,,,,,
Lumen,8029921,"c. Tramontana, 1",8226,0827906012,08279Z03,86.4,CEIP,Concertat,41.574190,2.025180,,,,,,,
Escola Mare de Déu de Montserrat,8038314,"c. Badajoz, 12",8227,0827902012,08279Z03,51.4,CEIP,Públic,41.558350,2.034807,CMC,CMC,CMC,CMC,CMC,CMC,CMC
Mare de Déu del Carme,8029672,"c. Independència, 107",8225,0827905006,08279Z02,110,CEIP,Concertat,41.574420,2.013224,,,,,,,
Maria Auxiliadora,8029775,"c. Santa Maria Mazzarello, 49",8224,0827904019,08279Z01,99.6,CEIP,Concertat,41.563120,1.996802,,,,,,,
Escola Marià Galí Guix,8030200,"c. de les Vinyoles, 40",8225,0827905030,08279Z01,88.6,CEIP,Públic,41.569890,1.993947,CMC,CMC,CMC,CMC,CMC,CMC,CMC
Martí,8029751,"c. Manresa, 135",8226,0827906002,08279Z02,88.1,CEIP,Concertat,41.575000,2.021641,,,,,,,
Escola Pau Vila i Dinarès,8030248,"av. Can Jofresa, 20",8223,0827903008,08279Z04,92.5,CEIP,Públic,41.548710,2.022414,CMC,CMC,CMC,CMC,CMC,CMC,CMC
Institut Escola Pere Viver,8076601,"C. Arenys de Mar, 2",8221,0827905002,08279Z02,94.6,IE,Públic,41.581900,2.015948,,,,,,,
Petit Estel - La Nova,8030054,"c. Puig Novell, 33-35",8221,0827901008,08279Z01,117.5,CEIP,Concertat,41.562070,2.013997,,,,,,,
Escola Ponent,8062687,"c. Palet i Barba, s/n",8224,0827904023,08279Z01,108.7,CEIP,Públic,41.556700,1.988275,,,,,,,
Ramon Pont,8030091,"c. Sant Tomàs, 40",8222,0827902005,08279Z03,66.2,CEIP,Concertat,41.565220,2.029778,,,,,,,
Escola Ramón y Cajal,8029386,"c. Ramon y Cajal, 111",8222,0827901011,08279Z04,103.3,CEIP,Públic,41.560520,2.025075,,,,,,,
Escola Roc Alabern,8067235,"c. Mallorca, 58",8224,0827904006,08279Z01,94.7,CEIP,Públic,41.559150,1.995744,CMC,,,,CMC,CMC,CMC
Escola Roser Capdevila,8066048,"c. Les Palmes, 17",8225,0827902017,08279Z03,85,CEIP,Públic,41.561280,2.041705,,,,,,,
Sagrat Cor de Jesús,8029881,"c. Pare Font, 42",8223,0827903006,08279Z04,116,CEIP,Concertat,41.556100,2.014277,,,,,,,
Institut Escola Sala i Badrinas,8076820,"ctra. de Rubí, 227/c.Germà Joaquim, 128",8222,0827903003,08279Z04,89.3,IE,Públic,41.554570,2.020981,,,,,,,
Escola Salvador Vinyals i Galí,8030297,"c. la Rioja, 30",8227,0827902015,08279Z03,56.2,CEIP,Públic,41.558830,2.039948,CMC,CMC,CMC,CMC,CMC,CMC,CMC
Sant Domènec Savio,8029763,"c. Maria Auxiliadora, 45",8224,0827904008,08279Z01,99.7,CEIP,Concertat,41.556810,1.995235,,,,,,,
Sant Josep,8029581,"c. Borges Blanques, 26-28",8227,0827906023,08279Z03,87.9,CEIP,Concertat,41.577160,2.034456,,,,,,,
Escola Sant Llorenç del Munt,8051318,"c. Castellsapera, 81 bis",8227,0827906018,08279Z03,71.9,CEIP,Públic,41.577400,2.031007,CMC,CMC,CMC,CMC,CMC,CMC,CMC
Santa Teresa de Jesús,8029805,"c. Major de Sant Pere, 19",8222,0827901018,08279Z02,114.7,CEIP,Concertat,41.567620,2.018235,,,,,,,
Escola Serra de l'Obac,8065512,"av. Lacetània, 64",8225,0827905029,08279Z02,114.9,CEIP,Públic,41.583400,2.008941,,,,,,,
Tecnos,8029684,"c. Topete, 34",8221,0827901009,08279Z01,120.1,CEIP,Concertat,41.561610,2.016724,,,,,,,
Vedruna Vall Terrassa,8030111,"c. de la Vall, 21",8221,0827901008,08279Z01,117.5,CEIP,Concertat,41.560980,2.010874,,,,,,,
